product_no,topic,description,category,model,type,unit,stock,is_active
1108-365D,"จอมอนิเตอร์ ACER S220HQLEBD",,เครื่องใช้ไฟฟ้า,ACER,จอมอนิเตอร์,กล่อง,5,1
P87-0057,"ASUS A550JX",,เครื่องใช้ไฟฟ้า,Asus,เครื่องคอมพิวเตอร์,เครื่อง,5,1
IF111/036/1,"Crucial 4GB DDR3L&1600 SODIMM",,Ram,ACER,เครื่องคอมพิวเตอร์,อัน,5,1
IF111/036/2,"Crucial 4GB DDR3L&1600 SODIMM",,Ram,ACER,เครื่องคอมพิวเตอร์,อัน,2,1
IF111/036/3,"Crucial 4GB DDR3L&1600 SODIMM",,Ram,ACER,เครื่องคอมพิวเตอร์,อัน,2,1
7440-001-0001/65,"เครื่องคอมพิวเตอร์ All-in-One HP ProOne 440 G9","Core i5-12500T / RAM 8GB / SSD 512GB / จอ 23.8 นิ้ว",ครุภัณฑ์คอมพิวเตอร์,HP,เครื่องคอมพิวเตอร์,เครื่อง,1,1
7440-001-0002/65,"เครื่องคอมพิวเตอร์ All-in-One HP ProOne 440 G9","Core i5-12500T / RAM 8GB / SSD 512GB / จอ 23.8 นิ้ว",ครุภัณฑ์คอมพิวเตอร์,HP,เครื่องคอมพิวเตอร์,เครื่อง,1,1
7440-001-0003/65,"เครื่องคอมพิวเตอร์ All-in-One HP ProOne 440 G9","Core i5-12500T / RAM 8GB / SSD 512GB / จอ 23.8 นิ้ว",ครุภัณฑ์คอมพิวเตอร์,HP,เครื่องคอมพิวเตอร์,เครื่อง,1,1
7440-001-0004/65,"เครื่องคอมพิวเตอร์ All-in-One HP ProOne 440 G9","Core i5-12500T / RAM 8GB / SSD 512GB / จอ 23.8 นิ้ว",ครุภัณฑ์คอมพิวเตอร์,HP,เครื่องคอมพิวเตอร์,เครื่อง,1,1
7440-001-0005/66,"เครื่องคอมพิวเตอร์ Dell OptiPlex 7010 SFF","Core i7-13700 / RAM 16GB / SSD 1TB",ครุภัณฑ์คอมพิวเตอร์,Dell,เครื่องคอมพิวเตอร์,เครื่อง,1,1
7440-001-0006/66,"เครื่องคอมพิวเตอร์ Dell OptiPlex 7010 SFF","Core i7-13700 / RAM 16GB / SSD 1TB",ครุภัณฑ์คอมพิวเตอร์,Dell,เครื่องคอมพิวเตอร์,เครื่อง,1,1
7440-001-0007/66,"เครื่องคอมพิวเตอร์ Dell OptiPlex 7010 SFF","Core i7-13700 / RAM 16GB / SSD 1TB",ครุภัณฑ์คอมพิวเตอร์,Dell,เครื่องคอมพิวเตอร์,เครื่อง,1,1
7440-002-0011/66,"โน๊ตบุ๊ค Lenovo ThinkPad E14 Gen 5","Ryzen 5 7530U / RAM 16GB / SSD 512GB",ครุภัณฑ์คอมพิวเตอร์,Lenovo,เครื่องคอมพิวเตอร์,เครื่อง,1,1
7440-002-0012/66,"โน๊ตบุ๊ค Lenovo ThinkPad E14 Gen 5","Ryzen 5 7530U / RAM 16GB / SSD 512GB",ครุภัณฑ์คอมพิวเตอร์,Lenovo,เครื่องคอมพิวเตอร์,เครื่อง,1,1
7440-002-0013/66,"โน๊ตบุ๊ค Lenovo ThinkPad E14 Gen 5","Ryzen 5 7530U / RAM 16GB / SSD 512GB",ครุภัณฑ์คอมพิวเตอร์,Lenovo,เครื่องคอมพิวเตอร์,เครื่อง,1,1
7440-002-0014/66,"โน๊ตบุ๊ค Lenovo ThinkPad E14 Gen 5","Ryzen 5 7530U / RAM 16GB / SSD 512GB",ครุภัณฑ์คอมพิวเตอร์,Lenovo,เครื่องคอมพิวเตอร์,เครื่อง,0,1
7440-002-0015/67,"โน๊ตบุ๊ค ASUS Vivobook 15 X1504",,ครุภัณฑ์คอมพิวเตอร์,Asus,เครื่องคอมพิวเตอร์,เครื่อง,1,1
7440-002-0016/67,"โน๊ตบุ๊ค ASUS Vivobook 15 X1504",,ครุภัณฑ์คอมพิวเตอร์,Asus,เครื่องคอมพิวเตอร์,เครื่อง,1,1
P87-0058,"โน๊ตบุ๊ค ACER Aspire 5 A515",เครื่องสำรองสำหรับงานอบรม,ครุภัณฑ์คอมพิวเตอร์,ACER,เครื่องคอมพิวเตอร์,เครื่อง,1,1
P87-0059,"โน๊ตบุ๊ค ACER Aspire 5 A515",เครื่องสำรองสำหรับงานอบรม,ครุภัณฑ์คอมพิวเตอร์,ACER,เครื่องคอมพิวเตอร์,เครื่อง,1,1
P87-0060,"โน๊ตบุ๊ค ACER Aspire 5 A515",เครื่องสำรองสำหรับงานอบรม,ครุภัณฑ์คอมพิวเตอร์,ACER,เครื่องคอมพิวเตอร์,เครื่อง,1,1
7440-003-0021/65,"จอมอนิเตอร์ Dell P2422H 24 นิ้ว","IPS / 1920x1080 / ปรับความสูงได้",ครุภัณฑ์คอมพิวเตอร์,Dell,จอมอนิเตอร์,เครื่อง,1,1
7440-003-0022/65,"จอมอนิเตอร์ Dell P2422H 24 นิ้ว","IPS / 1920x1080 / ปรับความสูงได้",ครุภัณฑ์คอมพิวเตอร์,Dell,จอมอนิเตอร์,เครื่อง,1,1
7440-003-0023/65,"จอมอนิเตอร์ Dell P2422H 24 นิ้ว","IPS / 1920x1080 / ปรับความสูงได้",ครุภัณฑ์คอมพิวเตอร์,Dell,จอมอนิเตอร์,เครื่อง,1,1
7440-003-0024/65,"จอมอนิเตอร์ Dell P2422H 24 นิ้ว","IPS / 1920x1080 / ปรับความสูงได้",ครุภัณฑ์คอมพิวเตอร์,Dell,จอมอนิเตอร์,เครื่อง,1,1
7440-003-0025/65,"จอมอนิเตอร์ Dell P2422H 24 นิ้ว","IPS / 1920x1080 / ปรับความสูงได้",ครุภัณฑ์คอมพิวเตอร์,Dell,จอมอนิเตอร์,เครื่อง,1,1
7440-003-0026/67,"จอมอนิเตอร์ Samsung LS24C310 24 นิ้ว",,ครุภัณฑ์คอมพิวเตอร์,Samsung,จอมอนิเตอร์,เครื่อง,1,1
7440-003-0027/67,"จอมอนิเตอร์ Samsung LS24C310 24 นิ้ว",,ครุภัณฑ์คอมพิวเตอร์,Samsung,จอมอนิเตอร์,เครื่อง,1,1
7440-003-0028/67,"จอมอนิเตอร์ LG 27MP400 27 นิ้ว",,เครื่องใช้ไฟฟ้า,LG,จอมอนิเตอร์,เครื่อง,1,1
7440-003-0029/67,"จอมอนิเตอร์ LG 27MP400 27 นิ้ว",,เครื่องใช้ไฟฟ้า,LG,จอมอนิเตอร์,เครื่อง,0,1
IF111/037/1,"Kingston FURY 8GB DDR4-3200 DIMM",อะไหล่สำรองสำหรับเครื่องคอมพิวเตอร์ตั้งโต๊ะ,Ram,Kingston,เครื่องคอมพิวเตอร์,อัน,6,1
IF111/037/2,"Kingston FURY 8GB DDR4-3200 DIMM",อะไหล่สำรองสำหรับเครื่องคอมพิวเตอร์ตั้งโต๊ะ,Ram,Kingston,เครื่องคอมพิวเตอร์,อัน,4,1
IF111/038/1,"Crucial 8GB DDR4-2666 SODIMM",อะไหล่สำรองสำหรับโน๊ตบุ๊ค,Ram,ACER,เครื่องคอมพิวเตอร์,อัน,3,1
IF111/038/2,"Crucial 8GB DDR4-2666 SODIMM",อะไหล่สำรองสำหรับโน๊ตบุ๊ค,Ram,ACER,เครื่องคอมพิวเตอร์,อัน,3,1
IF111/038/3,"Crucial 8GB DDR4-2666 SODIMM",อะไหล่สำรองสำหรับโน๊ตบุ๊ค,Ram,ACER,เครื่องคอมพิวเตอร์,อัน,0,1
IF111/039/1,"SSD Samsung 870 EVO 500GB","SATA 2.5 นิ้ว",ครุภัณฑ์คอมพิวเตอร์,Samsung,เครื่องคอมพิวเตอร์,อัน,8,1
IF111/039/2,"SSD Samsung 870 EVO 500GB","SATA 2.5 นิ้ว",ครุภัณฑ์คอมพิวเตอร์,Samsung,เครื่องคอมพิวเตอร์,อัน,5,1
7440-004-0031/66,"ฮาร์ดดิสก์ภายนอก WD My Passport 2TB",,ครุภัณฑ์คอมพิวเตอร์,Toshiba,เครื่องคอมพิวเตอร์,อัน,2,1
7440-004-0032/66,"ฮาร์ดดิสก์ภายนอก WD My Passport 2TB",,ครุภัณฑ์คอมพิวเตอร์,Toshiba,เครื่องคอมพิวเตอร์,อัน,2,1
7440-005-0041/64,"เครื่องพิมพ์เลเซอร์ HP LaserJet Pro M404dn","ขาวดำ / พิมพ์สองหน้าอัตโนมัติ / มีพอร์ต LAN",ครุภัณฑ์คอมพิวเตอร์,HP,เครื่องพิมพ์,เครื่อง,1,1
7440-005-0042/64,"เครื่องพิมพ์เลเซอร์ HP LaserJet Pro M404dn","ขาวดำ / พิมพ์สองหน้าอัตโนมัติ / มีพอร์ต LAN",ครุภัณฑ์คอมพิวเตอร์,HP,เครื่องพิมพ์,เครื่อง,1,1
7440-005-0043/64,"เครื่องพิมพ์เลเซอร์ HP LaserJet Pro M404dn","ขาวดำ / พิมพ์สองหน้าอัตโนมัติ / มีพอร์ต LAN",ครุภัณฑ์คอมพิวเตอร์,HP,เครื่องพิมพ์,เครื่อง,1,1
7440-005-0044/66,"เครื่องพิมพ์ Multifunction Canon G3020","พิมพ์/สแกน/ถ่ายเอกสาร ระบบแท็งค์",ครุภัณฑ์สำนักงาน,Canon,เครื่องพิมพ์,เครื่อง,1,1
7440-005-0045/66,"เครื่องพิมพ์ Multifunction Canon G3020","พิมพ์/สแกน/ถ่ายเอกสาร ระบบแท็งค์",ครุภัณฑ์สำนักงาน,Canon,เครื่องพิมพ์,เครื่อง,1,1
7440-005-0046/66,"เครื่องพิมพ์ Epson EcoTank L3250","ระบบแท็งค์ / Wi-Fi",ครุภัณฑ์สำนักงาน,Epson,เครื่องพิมพ์,เครื่อง,1,1
7440-005-0047/66,"เครื่องพิมพ์ Epson EcoTank L3250","ระบบแท็งค์ / Wi-Fi",ครุภัณฑ์สำนักงาน,Epson,เครื่องพิมพ์,เครื่อง,1,1
7440-005-0048/66,"เครื่องพิมพ์ Epson EcoTank L3250","ระบบแท็งค์ / Wi-Fi",ครุภัณฑ์สำนักงาน,Epson,เครื่องพิมพ์,เครื่อง,0,1
7440-005-0049/67,"เครื่องพิมพ์ Brother HL-L2375DW",,ครุภัณฑ์สำนักงาน,Brother,เครื่องพิมพ์,เครื่อง,1,1
7440-005-0050/67,"เครื่องพิมพ์สลิป Epson TM-T82X","ความร้อน / กระดาษ 80 มม.",ครุภัณฑ์สำนักงาน,Epson,เครื่องพิมพ์,เครื่อง,2,1
7440-006-0051/65,"เครื่องสแกนเนอร์ Canon DR-C225 II","สแกนเอกสารอัตโนมัติ 25 แผ่น/นาที",ครุภัณฑ์สำนักงาน,Canon,เครื่องสแกนเนอร์,เครื่อง,1,1
7440-006-0052/65,"เครื่องสแกนเนอร์ Canon DR-C225 II","สแกนเอกสารอัตโนมัติ 25 แผ่น/นาที",ครุภัณฑ์สำนักงาน,Canon,เครื่องสแกนเนอร์,เครื่อง,1,1
7440-006-0053/67,"เครื่องสแกนเนอร์ Fujitsu fi-8170",,ครุภัณฑ์สำนักงาน,Fujitsu,เครื่องสแกนเนอร์,เครื่อง,1,1
7440-007-0061/64,"เครื่องถ่ายเอกสาร Ricoh IM 2702","ระบบดิจิตอล ขาวดำ ความเร็ว 27 แผ่น/นาที",ครุภัณฑ์สำนักงาน,Ricoh,เครื่องถ่ายเอกสาร,เครื่อง,1,1
7440-007-0062/64,"เครื่องถ่ายเอกสาร Ricoh IM 2702","ระบบดิจิตอล ขาวดำ ความเร็ว 27 แผ่น/นาที",ครุภัณฑ์สำนักงาน,Ricoh,เครื่องถ่ายเอกสาร,เครื่อง,1,1
7440-007-0063/60,"เครื่องถ่ายเอกสาร Fuji Xerox DocuCentre S2320",,ครุภัณฑ์สำนักงาน,"Fuji Xerox",เครื่องถ่ายเอกสาร,เครื่อง,1,0
7440-008-0071/65,"เครื่องสำรองไฟ APC BX1100C-MS 1100VA",สำรองไฟเครื่องคอมพิวเตอร์สำนักงาน,ครุภัณฑ์ไฟฟ้าและวิทยุ,APC,เครื่องสำรองไฟ,เครื่อง,1,1
7440-008-0072/65,"เครื่องสำรองไฟ APC BX1100C-MS 1100VA",สำรองไฟเครื่องคอมพิวเตอร์สำนักงาน,ครุภัณฑ์ไฟฟ้าและวิทยุ,APC,เครื่องสำรองไฟ,เครื่อง,1,1
7440-008-0073/65,"เครื่องสำรองไฟ APC BX1100C-MS 1100VA",สำรองไฟเครื่องคอมพิวเตอร์สำนักงาน,ครุภัณฑ์ไฟฟ้าและวิทยุ,APC,เครื่องสำรองไฟ,เครื่อง,1,1
7440-008-0074/65,"เครื่องสำรองไฟ APC BX1100C-MS 1100VA",สำรองไฟเครื่องคอมพิวเตอร์สำนักงาน,ครุภัณฑ์ไฟฟ้าและวิทยุ,APC,เครื่องสำรองไฟ,เครื่อง,1,1
7440-008-0075/65,"เครื่องสำรองไฟ APC BX1100C-MS 1100VA",สำรองไฟเครื่องคอมพิวเตอร์สำนักงาน,ครุภัณฑ์ไฟฟ้าและวิทยุ,APC,เครื่องสำรองไฟ,เครื่อง,1,1
7440-008-0076/65,"เครื่องสำรองไฟ APC BX1100C-MS 1100VA",สำรองไฟเครื่องคอมพิวเตอร์สำนักงาน,ครุภัณฑ์ไฟฟ้าและวิทยุ,APC,เครื่องสำรองไฟ,เครื่อง,0,1
7440-008-0077/67,"เครื่องสำรองไฟ Syndome ATOM 800VA",,ครุภัณฑ์ไฟฟ้าและวิทยุ,APC,เครื่องสำรองไฟ,เครื่อง,3,1
7440-008-0078/67,"เครื่องสำรองไฟ Syndome ATOM 800VA",,ครุภัณฑ์ไฟฟ้าและวิทยุ,APC,เครื่องสำรองไฟ,เครื่อง,2,1
7440-009-0081/64,"อุปกรณ์กระจายสัญญาณ Cisco Catalyst C1000-24T","Switch 24 พอร์ต Gigabit แบบจัดการได้",ครุภัณฑ์คอมพิวเตอร์,Cisco,อุปกรณ์เครือข่าย,เครื่อง,1,1
7440-009-0082/64,"อุปกรณ์กระจายสัญญาณ Cisco Catalyst C1000-24T","Switch 24 พอร์ต Gigabit แบบจัดการได้",ครุภัณฑ์คอมพิวเตอร์,Cisco,อุปกรณ์เครือข่าย,เครื่อง,1,1
7440-009-0083/66,"อุปกรณ์กระจายสัญญาณ TP-Link TL-SG1016D","Switch 16 พอร์ต Gigabit",ครุภัณฑ์คอมพิวเตอร์,TP-Link,อุปกรณ์เครือข่าย,เครื่อง,1,1
7440-009-0084/66,"อุปกรณ์กระจายสัญญาณ TP-Link TL-SG1016D","Switch 16 พอร์ต Gigabit",ครุภัณฑ์คอมพิวเตอร์,TP-Link,อุปกรณ์เครือข่าย,เครื่อง,1,1
7440-009-0085/66,"อุปกรณ์กระจายสัญญาณ TP-Link TL-SG1016D","Switch 16 พอร์ต Gigabit",ครุภัณฑ์คอมพิวเตอร์,TP-Link,อุปกรณ์เครือข่าย,เครื่อง,1,1
7440-009-0086/66,"อุปกรณ์กระจายสัญญาณไร้สาย TP-Link EAP245","Access Point ติดเพดาน AC1750",ครุภัณฑ์คอมพิวเตอร์,TP-Link,อุปกรณ์เครือข่าย,ตัว,1,1
7440-009-0087/66,"อุปกรณ์กระจายสัญญาณไร้สาย TP-Link EAP245","Access Point ติดเพดาน AC1750",ครุภัณฑ์คอมพิวเตอร์,TP-Link,อุปกรณ์เครือข่าย,ตัว,1,1
7440-009-0088/66,"อุปกรณ์กระจายสัญญาณไร้สาย TP-Link EAP245","Access Point ติดเพดาน AC1750",ครุภัณฑ์คอมพิวเตอร์,TP-Link,อุปกรณ์เครือข่าย,ตัว,1,1
7440-009-0089/66,"อุปกรณ์กระจายสัญญาณไร้สาย TP-Link EAP245","Access Point ติดเพดาน AC1750",ครุภัณฑ์คอมพิวเตอร์,TP-Link,อุปกรณ์เครือข่าย,ตัว,1,1
7440-009-0090/67,"เราเตอร์ MikroTik hEX RB750Gr3",,ครุภัณฑ์คอมพิวเตอร์,TP-Link,อุปกรณ์เครือข่าย,ตัว,2,1
7440-009-0091/64,"ตู้ Rack 19 นิ้ว ขนาด 9U","แบบแขวนผนัง พร้อมพัดลมระบายอากาศ",ครุภัณฑ์คอมพิวเตอร์,Cisco,อุปกรณ์เครือข่าย,ตู้,1,1
7440-009-0092/64,"ตู้ Rack 19 นิ้ว ขนาด 9U","แบบแขวนผนัง พร้อมพัดลมระบายอากาศ",ครุภัณฑ์คอมพิวเตอร์,Cisco,อุปกรณ์เครือข่าย,ตู้,1,1
MT-2566-001,"สาย UTP CAT6 ความยาว 305 เมตร",สายแลนภายในอาคาร,ครุภัณฑ์คอมพิวเตอร์,TP-Link,อุปกรณ์เครือข่าย,ม้วน,4,1
MT-2566-002,"สาย UTP CAT6 ความยาว 305 เมตร",สายแลนภายในอาคาร,ครุภัณฑ์คอมพิวเตอร์,TP-Link,อุปกรณ์เครือข่าย,ม้วน,2,1
7440-010-0101/65,"เครื่องโปรเจคเตอร์ Epson EB-X06","3600 ANSI Lumens / XGA",ครุภัณฑ์โฆษณาและเผยแพร่,Epson,เครื่องโปรเจคเตอร์,เครื่อง,1,1
7440-010-0102/65,"เครื่องโปรเจคเตอร์ Epson EB-X06","3600 ANSI Lumens / XGA",ครุภัณฑ์โฆษณาและเผยแพร่,Epson,เครื่องโปรเจคเตอร์,เครื่อง,1,1
7440-010-0103/59,"เครื่องโปรเจคเตอร์ Sony VPL-EX575",,ครุภัณฑ์โฆษณาและเผยแพร่,Sony,เครื่องโปรเจคเตอร์,เครื่อง,1,0
7440-010-0104/65,"จอรับภาพชนิดมอเตอร์ไฟฟ้า ขนาด 100 นิ้ว",,ครุภัณฑ์โฆษณาและเผยแพร่,Epson,เครื่องโปรเจคเตอร์,ชุด,1,1
7440-010-0105/65,"จอรับภาพชนิดมอเตอร์ไฟฟ้า ขนาด 100 นิ้ว",,ครุภัณฑ์โฆษณาและเผยแพร่,Epson,เครื่องโปรเจคเตอร์,ชุด,1,1
7440-011-0111/66,"กล้องถ่ายภาพนิ่งระบบดิจิตอล Canon EOS R50","พร้อมเลนส์ RF-S 18-45mm",ครุภัณฑ์โฆษณาและเผยแพร่,Canon,กล้องถ่ายภาพ,ตัว,1,1
7440-011-0112/63,"กล้องวิดีโอ Sony HDR-CX405",,ครุภัณฑ์โฆษณาและเผยแพร่,Sony,กล้องถ่ายภาพ,ตัว,1,1
7440-011-0113/63,"กล้องวิดีโอ Sony HDR-CX405",,ครุภัณฑ์โฆษณาและเผยแพร่,Sony,กล้องถ่ายภาพ,ตัว,1,1
7440-011-0114/66,"กล้องวงจรปิด Hikvision DS-2CD1143G2","IP Camera 4MP อินฟราเรด",ครุภัณฑ์ไฟฟ้าและวิทยุ,Panasonic,กล้องถ่ายภาพ,ตัว,1,1
7440-011-0115/66,"กล้องวงจรปิด Hikvision DS-2CD1143G2","IP Camera 4MP อินฟราเรด",ครุภัณฑ์ไฟฟ้าและวิทยุ,Panasonic,กล้องถ่ายภาพ,ตัว,1,1
7440-011-0116/66,"กล้องวงจรปิด Hikvision DS-2CD1143G2","IP Camera 4MP อินฟราเรด",ครุภัณฑ์ไฟฟ้าและวิทยุ,Panasonic,กล้องถ่ายภาพ,ตัว,1,1
7440-011-0117/66,"กล้องวงจรปิด Hikvision DS-2CD1143G2","IP Camera 4MP อินฟราเรด",ครุภัณฑ์ไฟฟ้าและวิทยุ,Panasonic,กล้องถ่ายภาพ,ตัว,1,1
7440-011-0118/66,"กล้องวงจรปิด Hikvision DS-2CD1143G2","IP Camera 4MP อินฟราเรด",ครุภัณฑ์ไฟฟ้าและวิทยุ,Panasonic,กล้องถ่ายภาพ,ตัว,1,1
7440-011-0119/66,"กล้องวงจรปิด Hikvision DS-2CD1143G2","IP Camera 4MP อินฟราเรด",ครุภัณฑ์ไฟฟ้าและวิทยุ,Panasonic,กล้องถ่ายภาพ,ตัว,1,1
7440-011-0120/66,"กล้องวงจรปิด Hikvision DS-2CD1143G2","IP Camera 4MP อินฟราเรด",ครุภัณฑ์ไฟฟ้าและวิทยุ,Panasonic,กล้องถ่ายภาพ,ตัว,0,1
7440-011-0121/66,"กล้องวงจรปิด Hikvision DS-2CD1143G2","IP Camera 4MP อินฟราเรด",ครุภัณฑ์ไฟฟ้าและวิทยุ,Panasonic,กล้องถ่ายภาพ,ตัว,0,1
7440-011-0122/66,"เครื่องบันทึกภาพกล้องวงจรปิด 8 ช่อง","NVR พร้อมฮาร์ดดิสก์ 4TB",ครุภัณฑ์ไฟฟ้าและวิทยุ,Panasonic,กล้องถ่ายภาพ,เครื่อง,1,1
7440-012-0131/65,"โทรทัศน์ LED Samsung UA55AU7002 55 นิ้ว","Smart TV 4K",เครื่องใช้ไฟฟ้า,Samsung,โทรทัศน์,เครื่อง,1,1
7440-012-0132/65,"โทรทัศน์ LED Samsung UA55AU7002 55 นิ้ว","Smart TV 4K",เครื่องใช้ไฟฟ้า,Samsung,โทรทัศน์,เครื่อง,1,1
7440-012-0133/67,"โทรทัศน์ LED LG 43UR7550 43 นิ้ว",,เครื่องใช้ไฟฟ้า,LG,โทรทัศน์,เครื่อง,1,1
7440-012-0134/65,ขาแขวนโทรทัศน์แบบติดผนัง,"รองรับ 32-65 นิ้ว",เครื่องใช้ไฟฟ้า,LG,โทรทัศน์,ชุด,3,1
7440-013-0141/64,"เครื่องปรับอากาศ Mitsubishi MSY-JS13VF 12,200 BTU","ชนิดติดผนัง ระบบอินเวอร์เตอร์ พร้อมติดตั้ง",เครื่องใช้ไฟฟ้า,Mitsubishi,เครื่องปรับอากาศ,เครื่อง,1,1
7440-013-0142/64,"เครื่องปรับอากาศ Mitsubishi MSY-JS13VF 12,200 BTU","ชนิดติดผนัง ระบบอินเวอร์เตอร์ พร้อมติดตั้ง",เครื่องใช้ไฟฟ้า,Mitsubishi,เครื่องปรับอากาศ,เครื่อง,1,1
7440-013-0143/64,"เครื่องปรับอากาศ Mitsubishi MSY-JS13VF 12,200 BTU","ชนิดติดผนัง ระบบอินเวอร์เตอร์ พร้อมติดตั้ง",เครื่องใช้ไฟฟ้า,Mitsubishi,เครื่องปรับอากาศ,เครื่อง,1,1
7440-013-0144/64,"เครื่องปรับอากาศ Mitsubishi MSY-JS13VF 12,200 BTU","ชนิดติดผนัง ระบบอินเวอร์เตอร์ พร้อมติดตั้ง",เครื่องใช้ไฟฟ้า,Mitsubishi,เครื่องปรับอากาศ,เครื่อง,1,1
7440-013-0145/66,"เครื่องปรับอากาศ Daikin FTKQ18UV2S 18,000 BTU","ชนิดติดผนัง ระบบอินเวอร์เตอร์",เครื่องใช้ไฟฟ้า,Daikin,เครื่องปรับอากาศ,เครื่อง,1,1
7440-013-0146/66,"เครื่องปรับอากาศ Daikin FTKQ18UV2S 18,000 BTU","ชนิดติดผนัง ระบบอินเวอร์เตอร์",เครื่องใช้ไฟฟ้า,Daikin,เครื่องปรับอากาศ,เครื่อง,1,1
7440-013-0147/58,"เครื่องปรับอากาศ Panasonic CS-XU24XKT 24,000 BTU",,เครื่องใช้ไฟฟ้า,Panasonic,เครื่องปรับอากาศ,เครื่อง,1,0
7440-013-0148/58,"เครื่องปรับอากาศ Panasonic CS-XU24XKT 24,000 BTU",,เครื่องใช้ไฟฟ้า,Panasonic,เครื่องปรับอากาศ,เครื่อง,1,0
7440-013-0149/66,"พัดลมตั้งพื้น Hatari HT-P18M1",,เครื่องใช้ไฟฟ้า,Hitachi,เครื่องปรับอากาศ,ตัว,6,1
7440-013-0150/66,"พัดลมตั้งพื้น Hatari HT-P18M1",,เครื่องใช้ไฟฟ้า,Hitachi,เครื่องปรับอากาศ,ตัว,4,1
7440-014-0151/65,"เครื่องฟอกอากาศ Sharp FP-J30TA","ห้องขนาดไม่เกิน 23 ตร.ม.",เครื่องใช้ไฟฟ้า,Sharp,เครื่องฟอกอากาศ,เครื่อง,1,1
7440-014-0152/65,"เครื่องฟอกอากาศ Sharp FP-J30TA","ห้องขนาดไม่เกิน 23 ตร.ม.",เครื่องใช้ไฟฟ้า,Sharp,เครื่องฟอกอากาศ,เครื่อง,1,1
7440-014-0153/65,"เครื่องฟอกอากาศ Sharp FP-J30TA","ห้องขนาดไม่เกิน 23 ตร.ม.",เครื่องใช้ไฟฟ้า,Sharp,เครื่องฟอกอากาศ,เครื่อง,1,1
7440-015-0161/63,"ตู้เย็น Toshiba GR-B22KP 6.9 คิว","2 ประตู",ครุภัณฑ์งานบ้านงานครัว,Toshiba,ตู้เย็น,ตู้,1,1
7440-015-0162/63,"ตู้เย็น Toshiba GR-B22KP 6.9 คิว","2 ประตู",ครุภัณฑ์งานบ้านงานครัว,Toshiba,ตู้เย็น,ตู้,1,1
7440-015-0163/66,"ตู้เย็น Hitachi R-V300P 10.5 คิว",,ครุภัณฑ์งานบ้านงานครัว,Hitachi,ตู้เย็น,ตู้,1,1
7440-016-0171/64,"เครื่องทำน้ำเย็น 2 หัวก๊อก","แบบต่อท่อประปา พร้อมไส้กรอง",ครุภัณฑ์งานบ้านงานครัว,Sharp,เครื่องทำน้ำเย็น,เครื่อง,1,1
7440-016-0172/64,"เครื่องทำน้ำเย็น 2 หัวก๊อก","แบบต่อท่อประปา พร้อมไส้กรอง",ครุภัณฑ์งานบ้านงานครัว,Sharp,เครื่องทำน้ำเย็น,เครื่อง,1,1
7440-016-0173/64,"เครื่องทำน้ำเย็น 2 หัวก๊อก","แบบต่อท่อประปา พร้อมไส้กรอง",ครุภัณฑ์งานบ้านงานครัว,Sharp,เครื่องทำน้ำเย็น,เครื่อง,1,1
7440-016-0174/66,"ไมโครเวฟ Sharp R-2201F 22 ลิตร",,ครุภัณฑ์งานบ้านงานครัว,Sharp,เครื่องทำน้ำเย็น,เครื่อง,1,1
7440-017-0181/65,เครื่องเสียงเคลื่อนที่พร้อมไมโครโฟนไร้สาย,"ลำโพงล้อลาก 15 นิ้ว พร้อมไมค์ลอย 2 ตัว",ครุภัณฑ์ไฟฟ้าและวิทยุ,Yamaha,เครื่องเสียง,ชุด,1,1
7440-017-0182/65,เครื่องเสียงเคลื่อนที่พร้อมไมโครโฟนไร้สาย,"ลำโพงล้อลาก 15 นิ้ว พร้อมไมค์ลอย 2 ตัว",ครุภัณฑ์ไฟฟ้าและวิทยุ,Yamaha,เครื่องเสียง,ชุด,1,1
7440-017-0183/64,"เครื่องขยายเสียง Yamaha MG10XU","มิกเซอร์ 10 ช่อง",ครุภัณฑ์ไฟฟ้าและวิทยุ,Yamaha,เครื่องเสียง,เครื่อง,1,1
7440-017-0184/66,"ไมโครโฟนไร้สาย Shure BLX24A",,ครุภัณฑ์ไฟฟ้าและวิทยุ,Yamaha,เครื่องเสียง,ชุด,2,1
7440-017-0185/66,"ไมโครโฟนไร้สาย Shure BLX24A",,ครุภัณฑ์ไฟฟ้าและวิทยุ,Yamaha,เครื่องเสียง,ชุด,2,1
7440-018-0191/62,"โทรศัพท์สำนักงาน Panasonic KX-TS500MX",,ครุภัณฑ์สำนักงาน,Panasonic,โทรศัพท์,เครื่อง,5,1
7440-018-0192/62,"โทรศัพท์สำนักงาน Panasonic KX-TS500MX",,ครุภัณฑ์สำนักงาน,Panasonic,โทรศัพท์,เครื่อง,3,1
7440-018-0193/61,"ตู้สาขาโทรศัพท์ Panasonic KX-TES824","3 สายนอก 8 สายใน",ครุภัณฑ์สำนักงาน,Panasonic,โทรศัพท์,ชุด,1,1
7440-019-0201/63,"โต๊ะทำงานเหล็ก ขนาด 4 ฟุต","พร้อมลิ้นชัก 3 ช่อง",ครุภัณฑ์สำนักงาน,Rockworth,โต๊ะทำงาน,ตัว,1,1
7440-019-0202/63,"โต๊ะทำงานเหล็ก ขนาด 4 ฟุต","พร้อมลิ้นชัก 3 ช่อง",ครุภัณฑ์สำนักงาน,Rockworth,โต๊ะทำงาน,ตัว,1,1
7440-019-0203/63,"โต๊ะทำงานเหล็ก ขนาด 4 ฟุต","พร้อมลิ้นชัก 3 ช่อง",ครุภัณฑ์สำนักงาน,Rockworth,โต๊ะทำงาน,ตัว,1,1
7440-019-0204/63,"โต๊ะทำงานเหล็ก ขนาด 4 ฟุต","พร้อมลิ้นชัก 3 ช่อง",ครุภัณฑ์สำนักงาน,Rockworth,โต๊ะทำงาน,ตัว,1,1
7440-019-0205/63,"โต๊ะทำงานเหล็ก ขนาด 4 ฟุต","พร้อมลิ้นชัก 3 ช่อง",ครุภัณฑ์สำนักงาน,Rockworth,โต๊ะทำงาน,ตัว,1,1
7440-019-0206/64,"โต๊ะประชุมไม้ ขนาด 180x90 ซม.",,ครุภัณฑ์สำนักงาน,Rockworth,โต๊ะทำงาน,ตัว,2,1
7440-019-0207/64,"โต๊ะประชุมไม้ ขนาด 180x90 ซม.",,ครุภัณฑ์สำนักงาน,Rockworth,โต๊ะทำงาน,ตัว,2,1
7440-020-0211/63,"เก้าอี้สำนักงานมีพนักพิง ปรับระดับได้","ล้อเลื่อน 5 แฉก หุ้มผ้าตาข่าย",ครุภัณฑ์สำนักงาน,Rockworth,เก้าอี้สำนักงาน,ตัว,10,1
7440-020-0212/63,"เก้าอี้สำนักงานมีพนักพิง ปรับระดับได้","ล้อเลื่อน 5 แฉก หุ้มผ้าตาข่าย",ครุภัณฑ์สำนักงาน,Rockworth,เก้าอี้สำนักงาน,ตัว,8,1
7440-020-0213/63,"เก้าอี้สำนักงานมีพนักพิง ปรับระดับได้","ล้อเลื่อน 5 แฉก หุ้มผ้าตาข่าย",ครุภัณฑ์สำนักงาน,Rockworth,เก้าอี้สำนักงาน,ตัว,6,1
7440-020-0214/64,เก้าอี้ประชุมขาเหล็กชุบโครเมียม,,ครุภัณฑ์สำนักงาน,Rockworth,เก้าอี้สำนักงาน,ตัว,24,1
7440-020-0215/64,เก้าอี้ประชุมขาเหล็กชุบโครเมียม,,ครุภัณฑ์สำนักงาน,Rockworth,เก้าอี้สำนักงาน,ตัว,16,1
7440-021-0221/62,"ตู้เอกสารเหล็ก 2 บานเลื่อนกระจก",,ครุภัณฑ์สำนักงาน,Rockworth,ตู้เอกสาร,ตู้,1,1
7440-021-0222/62,"ตู้เอกสารเหล็ก 2 บานเลื่อนกระจก",,ครุภัณฑ์สำนักงาน,Rockworth,ตู้เอกสาร,ตู้,1,1
7440-021-0223/62,"ตู้เอกสารเหล็ก 2 บานเลื่อนกระจก",,ครุภัณฑ์สำนักงาน,Rockworth,ตู้เอกสาร,ตู้,1,1
7440-021-0224/62,"ตู้เอกสารเหล็ก 2 บานเลื่อนกระจก",,ครุภัณฑ์สำนักงาน,Rockworth,ตู้เอกสาร,ตู้,1,1
7440-021-0225/64,"ตู้เหล็ก 4 ลิ้นชัก",สำหรับเก็บแฟ้มแขวน,ครุภัณฑ์สำนักงาน,Rockworth,ตู้เอกสาร,ตู้,2,1
7440-021-0226/64,"ตู้เหล็ก 4 ลิ้นชัก",สำหรับเก็บแฟ้มแขวน,ครุภัณฑ์สำนักงาน,Rockworth,ตู้เอกสาร,ตู้,2,1
7440-021-0227/64,"ตู้เหล็ก 4 ลิ้นชัก",สำหรับเก็บแฟ้มแขวน,ครุภัณฑ์สำนักงาน,Rockworth,ตู้เอกสาร,ตู้,0,1
7440-021-0228/61,"ตู้นิรภัย ขนาด 60 ลิตร",ระบบล็อกกุญแจและรหัส,ครุภัณฑ์สำนักงาน,Rockworth,ตู้เอกสาร,ตู้,1,1
7440-022-0231/65,"เครื่องทำลายเอกสาร แบบตัดละเอียด","ทำลายได้ครั้งละ 12 แผ่น",ครุภัณฑ์สำนักงาน,Sharp,เครื่องทำลายเอกสาร,เครื่อง,1,1
7440-022-0232/65,"เครื่องทำลายเอกสาร แบบตัดละเอียด","ทำลายได้ครั้งละ 12 แผ่น",ครุภัณฑ์สำนักงาน,Sharp,เครื่องทำลายเอกสาร,เครื่อง,1,1
7440-022-0233/64,เครื่องเข้าเล่มสันห่วงพลาสติก,,ครุภัณฑ์สำนักงาน,Sharp,เครื่องทำลายเอกสาร,เครื่อง,1,1
7440-023-0241/65,"รถจักรยานยนต์ Honda Wave 110i","ทะเบียน กจ 1234 นครสวรรค์ ปี 2565",ครุภัณฑ์ยานพาหนะและขนส่ง,Honda,รถจักรยานยนต์,คัน,1,1
7440-023-0242/65,"รถจักรยานยนต์ Honda Wave 110i","ทะเบียน กจ 1234 นครสวรรค์ ปี 2565",ครุภัณฑ์ยานพาหนะและขนส่ง,Honda,รถจักรยานยนต์,คัน,1,1
7440-023-0243/66,"รถจักรยานยนต์ Honda Scoopy i","ทะเบียน ขก 5678 นครสวรรค์ ปี 2566",ครุภัณฑ์ยานพาหนะและขนส่ง,Honda,รถจักรยานยนต์,คัน,1,1
CP-2566-0301,"เมาส์ไร้สาย Logitech M331","Silent Plus",ครุภัณฑ์คอมพิวเตอร์,Logitech,อุปกรณ์ต่อพ่วง,อัน,12,1
CP-2566-0302,"เมาส์ไร้สาย Logitech M331","Silent Plus",ครุภัณฑ์คอมพิวเตอร์,Logitech,อุปกรณ์ต่อพ่วง,อัน,8,1
CP-2566-0303,"คีย์บอร์ด Logitech K120",,ครุภัณฑ์คอมพิวเตอร์,Logitech,อุปกรณ์ต่อพ่วง,อัน,10,1
CP-2566-0304,"คีย์บอร์ด Logitech K120",,ครุภัณฑ์คอมพิวเตอร์,Logitech,อุปกรณ์ต่อพ่วง,อัน,5,1
CP-2566-0305,"ชุดหูฟังพร้อมไมโครโฟน Logitech H390",สำหรับงานประชุมออนไลน์,ครุภัณฑ์คอมพิวเตอร์,Logitech,อุปกรณ์ต่อพ่วง,ชุด,6,1
CP-2566-0306,"กล้องเว็บแคม Logitech C920",,ครุภัณฑ์คอมพิวเตอร์,Logitech,อุปกรณ์ต่อพ่วง,ตัว,4,1
CP-2566-0307,"กล้องเว็บแคม Logitech C920",,ครุภัณฑ์คอมพิวเตอร์,Logitech,อุปกรณ์ต่อพ่วง,ตัว,2,1
EL-2566-0401,"ปลั๊กพ่วง 6 ช่อง มอก. ยาว 5 เมตร",,ครุภัณฑ์ไฟฟ้าและวิทยุ,Panasonic,อุปกรณ์ต่อพ่วง,อัน,15,1
EL-2566-0402,"ปลั๊กพ่วง 6 ช่อง มอก. ยาว 5 เมตร",,ครุภัณฑ์ไฟฟ้าและวิทยุ,Panasonic,อุปกรณ์ต่อพ่วง,อัน,10,1
SP-2567-0501,"หมึกพิมพ์ HP 26A CF226A","สำหรับ HP LaserJet Pro M404dn",วัสดุคอมพิวเตอร์,HP,วัสดุสิ้นเปลือง,กล่อง,7,1
SP-2567-0502,"หมึกพิมพ์ HP 26A CF226A","สำหรับ HP LaserJet Pro M404dn",วัสดุคอมพิวเตอร์,HP,วัสดุสิ้นเปลือง,กล่อง,3,1
SP-2567-0503,"หมึกพิมพ์ Canon GI-71 ชุด 4 สี",,วัสดุคอมพิวเตอร์,Canon,วัสดุสิ้นเปลือง,ชุด,5,1
SP-2567-0504,"หมึกพิมพ์ Canon GI-71 ชุด 4 สี",,วัสดุคอมพิวเตอร์,Canon,วัสดุสิ้นเปลือง,ชุด,5,1
SP-2567-0505,"หมึกพิมพ์ Canon GI-71 ชุด 4 สี",,วัสดุคอมพิวเตอร์,Canon,วัสดุสิ้นเปลือง,ชุด,0,1
SP-2567-0506,"หมึกพิมพ์ Epson 003 ชุด 4 สี",,วัสดุคอมพิวเตอร์,Epson,วัสดุสิ้นเปลือง,ชุด,9,1
SP-2567-0507,"กระดาษถ่ายเอกสาร A4 80 แกรม","บรรจุ 5 รีม/กล่อง",วัสดุสำนักงาน,"Double A",วัสดุสิ้นเปลือง,กล่อง,25,1
SP-2567-0508,"กระดาษถ่ายเอกสาร A4 80 แกรม","บรรจุ 5 รีม/กล่อง",วัสดุสำนักงาน,"Double A",วัสดุสิ้นเปลือง,กล่อง,18,1
SP-2567-0509,"กระดาษถ่ายเอกสาร A4 80 แกรม","บรรจุ 5 รีม/กล่อง",วัสดุสำนักงาน,"Double A",วัสดุสิ้นเปลือง,กล่อง,12,1
SP-2567-0510,"กระดาษถ่ายเอกสาร A3 80 แกรม",,วัสดุสำนักงาน,"Double A",วัสดุสิ้นเปลือง,รีม,6,1
SP-2567-0511,"แฟ้มสันกว้าง 3 นิ้ว ตราช้าง",,วัสดุสำนักงาน,"Double A",วัสดุสิ้นเปลือง,เล่ม,40,1
SP-2567-0512,"แฟ้มสันกว้าง 3 นิ้ว ตราช้าง",,วัสดุสำนักงาน,"Double A",วัสดุสิ้นเปลือง,เล่ม,30,1
SC-2565-0601,เครื่องวัดอุณหภูมิอินฟราเรด,แบบไม่สัมผัส,ครุภัณฑ์วิทยาศาสตร์,Panasonic,เครื่องมือวัด,เครื่อง,3,1
SC-2565-0602,เครื่องวัดอุณหภูมิอินฟราเรด,แบบไม่สัมผัส,ครุภัณฑ์วิทยาศาสตร์,Panasonic,เครื่องมือวัด,เครื่อง,2,1
SC-2565-0603,"เครื่องชั่งน้ำหนักดิจิตอล 150 กก.",,ครุภัณฑ์วิทยาศาสตร์,Panasonic,เครื่องมือวัด,เครื่อง,1,1
SF-2564-0701,"ถังดับเพลิงชนิดผงเคมีแห้ง 15 ปอนด์","ตรวจสอบประจำปี 2567",ครุภัณฑ์งานบ้านงานครัว,Sharp,อุปกรณ์ความปลอดภัย,ถัง,4,1
SF-2564-0702,"ถังดับเพลิงชนิดผงเคมีแห้ง 15 ปอนด์","ตรวจสอบประจำปี 2567",ครุภัณฑ์งานบ้านงานครัว,Sharp,อุปกรณ์ความปลอดภัย,ถัง,4,1
SF-2564-0703,"ถังดับเพลิงชนิดผงเคมีแห้ง 15 ปอนด์","ตรวจสอบประจำปี 2567",ครุภัณฑ์งานบ้านงานครัว,Sharp,อุปกรณ์ความปลอดภัย,ถัง,2,1
SF-2566-0704,"เครื่องสแกนลายนิ้วมือ ZKTeco K40",บันทึกเวลาเข้า-ออกงาน,ครุภัณฑ์สำนักงาน,ZKTeco,อุปกรณ์ความปลอดภัย,เครื่อง,1,1
SF-2566-0705,"เครื่องสแกนลายนิ้วมือ ZKTeco K40",บันทึกเวลาเข้า-ออกงาน,ครุภัณฑ์สำนักงาน,ZKTeco,อุปกรณ์ความปลอดภัย,เครื่อง,1,1
